id,title,priority,goal,basis,request,success,stop,access,sources
L01,Obtain the decisive Russian document set,A · Highest information value,Establish the reserve’s last separately identifiable custody and the first documented disposal.,Schipor’s 1919/1921 comparison and document 121 are central; the full book and original archive annexes were not obtained.,"Please identify and provide research copies, including annexes and adjacent folios, for the gold inventory dated 14 August 1919, the RGAE report of 23 May 1921, and the report of 13 December 1924 reproduced as document 121, pp. 339–340, in Ilie Schipor, Destinul Tezaurului României (2021). Please include complete archive shelfmarks and any outgoing-voucher references.",Authentic facsimiles with complete identifiers; a reproducible denomination/weight comparison; named recipients or voucher numbers.,A summary repeating the author’s conclusion without tables or original references does not complete this lead.,Publisher/library access first; then holding archives. No purchase or request was made.,S05; S06; S07; S09; S31; S32
L02,Audit GARF’s 1924 “depersonalized” entry,A · Highest information value,Determine what обезличено meant in this specific account.,"Pokivaylova p. 132 cites GARF f. 374, op. 28, d. 861, l. 91.","Прошу уточнить возможность получения исследовательской копии: ГА РФ, ф. 374, оп. 28, д. 861, л. 91, включая оборот и соседние листы, относящиеся к румынскому золоту. Просьба сообщить заголовок дела, дату документа, автора и наличие приложений о движении золота.","A complete entry that distinguishes accounting consolidation, physical remelting and actual transfers; references to follow-on documents.",Do not infer a melting date from the isolated word. Check that the cited folio actually supports the claim and whether its citation has shifted.,Shelfmark is as cited in a published book; catalogue and current access status not independently confirmed. Russian request is a working draft.,S10
L03,Recover the intelligence behind the US memorandum,A · Highest information value,Turn an authentic Romanian allegation into a testable shipment claim.,"FRUS 1921 II, doc. 733, file 871.51/251, dated 15 August 1921.","Please identify the complete file and associated enclosures behind the Romanian Legation memorandum of 15 August 1921, State Department decimal file 871.51/251, published as FRUS 1921, volume II, document 733. We seek the source of the allegation, follow-up correspondence and any named ships, banks, customs entries or assay lots. Please confirm the modern series and box reference.","An enclosure or reply naming a lot, bank, ship or informant, which can be independently checked.","If the file only repeats rumor and contains no identifiers, retain it as a contemporary allegation and reduce its priority.",US National Archives / Office of the Historian discovery route. A modern box number has not been established; the decimal file is real.,S17
L04,Match Soviet exports to Swedish mint and Western receipts,A · Conditional on a shipment identifier,Test a physical gold route across three independent institutions.,US Treasury documents explain Swedish mint-stamp treatment; the 1924 translated report says coins went abroad.,"For a matched 1921–1924 date and lot, seek Narkomfin dispatch and insurance vouchers, Swedish mint receiving and melt books, export records, and the destination bank or assay-office receipt. Record date, gross/fine mass, denomination, sender, recipient, batch number and account. Do not start by assuming every Soviet lot was Romanian.","A three-way match with a Romanian origin identifier before remelting, and a continuous financial or physical chain afterward.","No Romanian link means a generic Soviet-gold route, not a discovery. Stop attributing once continuity is lost; describe that loss explicitly.",Exact Swedish repository series not yet established. Use official mint/Riksbank/archive catalogues; no bank was contacted.,S09; S14; S15; S17
L05,Follow the Austrian crowns into the Issue Section,A · Distinct domestic path,Avoid assuming every coin went overseas.,The 1924 report separately says Austrian crowns went to the State Bank’s Issue Section; the first-shipment table attributes about 29.31% of BNR value to Austrian crowns.,"Request the State Bank Issue Section receiving ledgers and Narkomfin transfer orders for Austrian gold crowns from Romanian deposits, 1921–1925. Seek original treasury/case references, denomination totals, valuation basis and any subsequent reclassification or minting instructions.",A receiving entry matched to the Romanian-origin outgoing record and a subsequent disposition.,A generic Austrian-crown balance is insufficient: this currency circulated widely.,Repository and series must be established from the original 1924 report’s references.,S09; S31
L06,Reconcile cultural objects one by one,A · Best prospect for identifiable surviving objects,"Produce a defensible missing-object register, distinct from monetary gold.",MNIR’s 2016 announcement identifies National Art Museum return-inventory registers exhibited from the 1956 restitution. Lapedatu documents specific cultural shipments.,"Vă rog să indicați inventarele de expediție din 1917 și registrele de primire din 1935 și 1956 pentru bunurile evacuate la Moscova. Pentru fiecare obiect neidentificat, căutăm numărul de inventar vechi și nou, descrierea, fotografia, dimensiunile, materialul, instituția deținătoare și eventualele procese-verbale de transfer. Solicitarea este pentru cercetare documentară, nu pentru inițierea unei revendicări.",An object-level difference list with images and stable identifiers; subsequent museum or sale records that can be checked.,A difference in crate counts is not a missing-object list. Exclude documented returns and items never shipped.,"MNIR, National Art Museum, Academy and depositing institutions. Registers located by description; underlying pages not yet obtained. Romanian text is a working draft.",S03; S04; S09; S10; S11
L07,Test the twelve-coin donation at MNIR,B · Bounded and potentially inexpensive,Determine whether any small physical sample has documentary Moscow provenance.,"Reporting describes 12 French/Belgian coins, 77.09 g, donated on 6 March 2008; reported references 867 and 1272 require confirmation.","Vă rog să confirmați existența și cotele dosarului donației din 6 martie 2008 privind 12 monede de aur franceze și belgiene, cu masa totală relatată de 77,09 g. În presă apar numerele 867 și 1272, neconfirmate de noi. Căutăm fișele de inventar, declarația de proveniență, expertiza, fotografiile și orice document care leagă monedele de depozitul românesc din Moscova din 1916–1917.",A museum-confirmed accession plus documents bridging Russia and the donor; separate expert findings on coin authenticity and provenance.,"If only the donor’s assertion links them to Moscow, label provenance unproven. Do not extrapolate 12 coins to the full reserve.",No museum file inspected or request sent.,S24
L08,Identify the Danish newspaper behind the July 1920 claim,B · Bounded press trail,Move one step closer to the earliest alleged Western disposal.,"Glasul Bucovinei no. 465, 10 July 1920, as quoted by Oprea; digitized collection located.","Obtain the complete issue, including neighboring columns, corrections and following issues. Transcribe the Copenhagen attribution exactly. Search Danish papers in the preceding weeks for rumænsk guld, rumænske guldmønter, 20 lei, russisk guld and Romanian/Roumanian variants; only then identify banks and their records.","Original report with named source and, ideally, bank or shipment identifiers; a correction or retraction is equally valuable.","An unsourced chain of repeated press stories remains one allegation, however many newspapers printed it.","LIBRARIA / Arcanum collection located; exact issue not inspected, account access may be needed.",S22; S23
L09,Separate Boyle’s cargo from his legend,B · Resolve conflicting testimony,"Establish exactly which records, banknotes and jewels were recovered in 1917.",Rodney rejects bullion/jewels; Swain retells a Hill-derived jewels account; the 1924 report mentions royal brilliants in 1919.,"Request the relevant December 1917 mission and cargo records in the Boyle papers cited as PRONI D1943/1–3, particularly receiving lists and Romanian acknowledgements. Compare with Hill’s Go Spy the Land (1932), chapters 15–20, the two royal cases in 1916, and any 1919 removal inventory. Confirm catalogue references before ordering.","A cargo list and signed receiving record, cross-matched to identifiable royal objects or to paper-only cargo.",A memoir anecdote or later congratulatory letter cannot independently identify the contents of a sealed royal case.,"PRONI reference is from Swain; original file catalogue not independently checked. Kent’s finding aid locates later correspondence, not proof of a rescue.",S18; S19; S20; S09
L10,Trace French protective custody and keys,B · Fill the 1918 handover gap,Clarify who could access the deposits after diplomatic rupture.,French diplomatic finding aid identifies relevant correspondence and military-mission series.,"Je recherche les pièces relatives à la garde des dépôts roumains à Moscou en 1917–1918, notamment la remise des clefs, les scellés, les inventaires et les protestations diplomatiques. L’instrument de recherche 124PO/1 mentionne les articles 63–64 et 66–67. Pourriez-vous confirmer les dossiers pertinents et leurs conditions de consultation, sans présumer que ces articles contiennent les pièces recherchées ?",A dated handover or access record naming the deposit and responsible persons; independent comparison with Romanian and Russian copies.,Holding keys is not the same as physical control if guards or authorities changed. Do not infer continuous secure custody from a diplomatic title.,French finding aid inspected; underlying files not read. Draft not sent.,S21; S12; S13
L11,Check the 1922 balance discrepancy,B · Numerical reconciliation,Determine whether apparently conflicting figures use different dates or asset boundaries.,"Pokivaylova p. 132 quotes 105,102,337.88 gold roubles from Osokina and 87,074,501.05 from Sirotkin; p. 131 cites February reports.","Obtain Osokina, Zoloto dlia industrializatsii, p. 364; Sirotkin, Zarubezhnoe zoloto Rossii, p. 305; and the Sokolnikov reports cited as RGASPI f. 5, op. 1, d. 1372, ll. 3–8. Transcribe dates, headings, unit definitions and whether values are physical stock, book balances or net available funds.","A explained difference grounded in complete documents, or a documented error in one secondary account.","Do not average the balances, convert them into an exact tonnage without basis, or select the figure that best supports a favored theory.","Books and original folios not obtained in this session. Shelfmarks are published citations, not confirmed current retrieval entries.",S10
L12,Require a Romanian identifier before chasing eastern hoards,C · Only after stronger records justify it,Keep the Kolchak/Czech/Japan trail falsifiable and bounded.,General Russian gold traveled east; a Romanian component is speculative in the inspected literature.,"First obtain an outgoing Romanian-deposit record naming Kazan, a captured train, Czech custody or an eastern bank, or find a receiving record with matching case identifiers. Only then expand to Czech military finance, Vladivostok shipping, Japanese or Chinese bank archives.",A specific bridge from this deposit into that custody chain.,"Without the bridge, do not commission a field search, assume a lake/train story is relevant, or describe general Imperial gold as Romanian property.",No physical search target or verified present holding has been identified.,S10; S07
