id,title,author,date,language,kind,access,url,locator,finding,caution,family
S01,Resolution on the return of the Romanian national treasure,European Parliament,2024-03-14,English,Official record,Full web text read,https://www.europarl.europa.eu/doceo/document/TA-9-2024-0171_EN.html,"P9_TA(2024)0171; recitals D, I and paragraph 7",States the claim as 91.5 tonnes of fine gold; records partial cultural returns and the joint commission’s acknowledgement of authentic deposit documents.,"A political resolution, not a court judgment, contemporary vault inspection, or recovery order.",Romanian official claim
S02,The NBR treasure sent to Moscow — document portal,National Bank of Romania,2025-10-24 launch,English / Romanian,Archive portal,Portal and rendered sections read; selected scans inspected,https://www.bnr.ro/en/24945-the-nbr-treasure-sent-to-moscow,History and heritage; Romanian counterpart: 24788-tezaurul-bnr-evacuat-la-moscova,"The bank announced inventories, historical images and copies of original documents from its own archive.","Initial text retrieval returned navigation; a subsequent browser pass reached the collection. Four selected protocol/annex photographs were visually inspected, not the complete archive. See S41–S43.",Romanian official claim
S03,Cum arată Tezaurul României de la Moscova,"Cristina Stancu, Adevărul, reproducing BNR material",2025-10-24,Romanian,News / official reprint,Full relevant web text read,https://adevarul.ro/economie/cum-arata-tezaurul-romaniei-de-la-moscova-2481879.html,Chronology; Prima restituire (1935); A doua restituire (1956),"Detailed shipment values and return procedures: 1935 via Odesa and Constanța; 1956 art, coins and medals, not the BNR reserve.","Same evidence family as BNR, not independent corroboration. Its two shipment values do not sum to its stated total; its 1956 category counts also differ from its headline total.",Romanian official claim
S04,Tezaurul României la Moscova. 100 de ani mai târziu,National History Museum of Romania (MNIR),2016-12-16,Romanian,Museum record,Full relevant web text read,https://www.mnir.ro/tezaurul-romaniei-la-moscova-100-de-ani-mai-tarziu/,Centenary exhibition announcement and appended governor’s remarks,"Identifies Pietroasele as a returned, viewable treasure; says the National Art Museum’s 1956 return-inventory registers were exhibited. Lists what BNR actually received in 1935.","An exhibition announcement and quoted institutional address, not the underlying accession registers. Rounded gold totals here differ slightly from the current 91.5-tonne claim.",Romanian official claim
S05,Destinul Tezaurului României. Argumente din arhivele ruse,Ilie Schipor; Oscar Print,2021,Romanian,Book,Publisher description and contents read,https://oscarprint.ro/magazin/destinul-tezaurului-romaniei-argumente-din-arhivele-ruse/,448 pp.; ISBN 978-973-668-550-7,"Author’s reconstruction: partial evacuation in October 1919, return in July 1921, progressive expenditure from autumn 1921 through early 1925.",The full 448-page book was not obtained. The publisher’s summary is not a substitute for its document annexes.,Schipor archival reconstruction
S06,Destinul Tezaurului României — publisher sample,Ilie Schipor,2021,Romanian / Russian,Book / document facsimile,16-page nonconsecutive preview inspected,https://oscarprint.ro/wp-content/uploads/2021/06/schw.pdf,"Printed pp. 9–10, 30–31, 51–53, 64–65, 91–92, 105–106, 129–131","Includes the opening archival document and facsimiles: Bark to Alekseev, 28 October 1916, concerning the evacuation proposal.","Only a sample. It does not contain the decisive 1924 report, document 121. Citation given for document 1: RGVIA, f. 2003, op. 1, d. 1474, l. 221 recto/verso; original archive not visited.",Schipor archival reconstruction
S07,Tezaurul BNR între Cazaciocul dezinformării și „Răsucita” româno-rusă (I),Ilie Schipor interview / AFnews,2024-05-18,Romanian,Interview / research account,Written article read; embedded video not watched,https://afnews.ro/2024/05/18/prof-col-ilie-schipor-tezaurul-bancii-nationale-a-romaniei-intre-cazaciocul-dezinformarii-si-rasucita-romano-rusa-i/,Discussion comparing the 16 February 1917 inventory with the 23 May 1921 RGAE report,"Schipor explicitly argues that the gold remained intact through May 1921, based on a denomination-by-denomination comparison.","The original May 1921 inventory and full comparison have not been independently audited. This is the researcher’s claim, not our own verified gram-level reconciliation.",Schipor archival reconstruction
S08,„Soarta” sau „destinul” Tezaurului României,"Ilie Schipor, Arhivele Totalitarismului",2022,Romanian,Scholarly article,Abstract and bibliographic record only,https://www.ceeol.com/search/article-detail?id=1083246,"Vol. XXX, nos. 1–2, pp. 15–42",Abstract rejects several civil-war disappearance explanations and places final expenditure in the mid-1920s.,Full text requires access; not purchased or read. Same author and research family as S05–S07.,Schipor archival reconstruction
S09,Romania’s Treasury — guarded by the Russian “ally”,"Viorica Moisuc, Minerva",2022-02,English,Scholarly article / translated documents,Full PDF obtained; relevant passages read,https://editurafrm.ro/wp-content/uploads/2024/09/2-MOISUC.pdf,"Vol. 2, issue 1, pp. 27–76; especially pp. 72–74 and notes 96–103",Reproduces a translated 13 December 1924 report describing 1919 relocations and subsequent overseas disposal of specified coin groups.,The URL’s 2024 upload date is not the publication date. Strongly polemical framing; translations are mediated through Schipor. The reproduced report contains an ambiguous numerical expression.,Schipor archival reconstruction
S10,Судьба «румынского золота» в России 1916–2020. Очерки истории,"Tatyana A. Pokivaylova, Aletheia / Institute of Slavic Studies RAS",2021,Russian,Book,Full 268-page PDF obtained; relevant chapters read,https://inslav.ru/sites/default/files/editions/2021pokivaylova.pdf,"ISBN 978-5-00165-289-2; pp. 119–132, 143–167, 199–228, 243–253","Russian archival synthesis acknowledges gold still recorded in 1922 and described as обезличено by 1924; discusses inventories, returns and competing debt claims.",Some eastward routes are explicitly speculative. Two conflicting 1922 balances are quoted. “Depersonalized” does not by itself prove melting. Archive-access statements describe conditions when the book was written.,Pokivaylova / Russian historiography
S11,Amintiri — including Jurnalul de la Moscova,Alexandru Lapedatu; edited by Ioan Opriș,1998 edition; diary 1917,Romanian,Published eyewitness diary,Full volume obtained; Moscow diary passages read,https://www.memorialsighet.ro/wp-content/uploads/2016/02/alapedatu_amintiri_opris_secured.pdf,"Printed pp. 117–121, 129–130, 142, 151, 155–158; PDF page = printed page + 4","Day-by-day account of packing, departure, observed railway stops, damp storage, later relocation, and proposed evacuation to America.","Published transcription, not the handwritten notebook inspected. Lapedatu supervised cultural consignments, not an audit of all bullion. Download is for personal reading; this site does not redistribute the book.",Lapedatu eyewitness
S12,Francis reports the Soviet retention of Romanian gold,US Ambassador David R. Francis to Secretary of State,1918-02-02,English,Contemporary diplomatic record,Full published document read,https://history.state.gov/historicaldocuments/frus1918Russiav02/d836,"FRUS 1918, Russia vol. II, doc. 836; file 871.51/110",Contemporary US diplomatic evidence that the Soviet authorities held the gold and that Romania sought Allied intervention.,"A diplomatic report, not a physical count. Its valuation must not be treated as a weighed gold quantity.",US diplomatic records
S13,Further request for Allied protest over Romanian gold,US Ambassador David R. Francis,1918-02-07,English,Contemporary diplomatic record,Full published document read,https://history.state.gov/historicaldocuments/frus1918Russiav02/d838,"FRUS 1918, Russia vol. II, doc. 838",Documents the immediate dispute and pressure for a formal Allied protest.,Shows diplomacy and contemporary knowledge; cannot establish the reserve’s later route.,US diplomatic records
S14,Treasury explains treatment of Soviet gold and Swedish mint stamps,Assistant Secretary of the Treasury S. P. Gilbert Jr. to Assistant Secretary of State Fred M. Dearing,1921-03-25,English,Contemporary financial record,Full published document read,https://history.state.gov/historicaldocuments/frus1921v02/d724,"FRUS 1921, vol. II, doc. 724; file 861.51/1002","Explains the distinction between gold suspected of Soviet origin and gold bearing the official stamp of a friendly country’s mint, including Sweden.",Documents a generic route and administrative rules. It does not identify a Romanian consignment.,US diplomatic records
S15,State Department’s position on foreign-mint gold,Fred M. Dearing to S. P. Gilbert Jr.,1921-04-09,English,Contemporary financial record,Full published document read,https://history.state.gov/historicaldocuments/frus1921v02/d729,"FRUS 1921, vol. II, doc. 729; file 861.51/1002","Discusses title, friendly-country mint marks, and why Treasury must decide what the US mints accept.","Not a certificate that particular gold had clean title, nor proof of Romanian gold in Swedish bars.",US diplomatic records
S16,The S.S. Carmania gold shipment rejected at New York,S. P. Gilbert Jr. to the Secretary of State,1921-08-11,English,Contemporary financial record,Full published document read,https://history.state.gov/historicaldocuments/frus1921v02/d732,"FRUS 1921, vol. II, doc. 732; file 861.51/1257","Records 7,500 imperial gold roubles consigned by the Bank of England to J. P. Morgan & Co.; the New York Assay Office rejected the tender on 10 August.",No Romanian provenance is stated. This is a negative control against turning every Soviet gold shipment into “the Romanian treasure.”,US diplomatic records
S17,Romanian memorandum alleging gold reaching the United States,Romanian Legation to the US Department of State,1921-08-15,English,Contemporary diplomatic allegation,Full published memorandum read,https://history.state.gov/historicaldocuments/frus1921v02/d733,"FRUS 1921, vol. II, doc. 733; file 871.51/251",Romania alleged that part of the gold reaching the US was its 1916 deposit being used for Soviet payments abroad.,"The memorandum names no ship, bank, weight, assay lot or informant. Authentic evidence of an allegation, not authentication of a shipment.",Romanian diplomatic allegation
S18,"Boyle, Joseph Whiteside","William Rodney, Dictionary of Canadian Biography",Vol. XV (1921–1930),English,Scholarly biography,Full relevant article read,https://www.biographi.ca/en/bio/boyle_joseph_whiteside_15E.html,"Moscow mission, December 1917; bibliography at end",Explicitly distinguishes Boyle’s recovery of archives and paper currency from later claims about bullion and crown jewels.,Retrospective scholarship. The precise contents should ultimately be checked against mission and receiving inventories.,Boyle historiography
S19,British Adventurers and Revolutionary Russia’s War over Bessarabia,"Geoffrey Swain, Revolutionary Russia",2021-11-30,English,Scholarly article,Full open-access PDF obtained; relevant passages read,https://eprints.gla.ac.uk/257366/1/257366.pdf,"34:2, pp. 219–238; DOI 10.1080/09546545.2021.1996320; notes 8, 42, 44",Locates Boyle material in PRONI D1943 and British diplomatic papers; retells a jewels claim through George Hill’s memoir.,Its introductory shipment summary repeats problematic quantities. A memoir-derived jewel story is not a BNR gold recovery manifest.,Boyle historiography
S20,Queen Marie of Romania papers — finding aid,Kent State University Special Collections,Collection: 1918–1991 and related material,English,Archive finding aid,Relevant catalogue sections read,https://speccoll.library.kent.edu/women/marie/queen.html,Box 1; subseries 1D on Boyle and the Romanian treasure,"Identifies correspondence and later investigations, including 1946 and 1990 material, useful for tracing how the rescue legend developed.",A catalogue is not the correspondence itself. Much is decades later than the events; no inspected 1917 treasure notebook here.,Kent catalogue
S21,"Bucarest, légation puis ambassade, 1916–1980 — finding aid","Archives diplomatiques, France",Archival fonds 124PO/1,French,Archive finding aid,Full finding aid obtained; relevant entries read,https://archivesdiplomatiques.diplomatie.gouv.fr/media/f946dbd5-6453-4454-ae85-e85feaf49c2d.pdf,"124PO/1, articles 63–64, 66–67; relevant list around p. 14",Locates Russian/Romanian correspondence and French military-mission records for the critical custody and diplomatic period.,Underlying files not inspected. Series relevance does not prove a treasure document is inside. Early wartime destruction also creates gaps.,French diplomatic catalogue
S22,"Din presa vremii: Glasul Bucovinei despre Tezaurul românesc, 1920","Ion N. Oprea, Luceafărul",2021-04-09,Romanian,Period-press transcription,Modern transcription read; original issues not inspected,https://luceafarul.net/din-presa-vremii-glasul-bucovinei-despre-tezaurul-romanesc-1920,"Glasul Bucovinei no. 465, 10 July 1920; also nos. 453, 474, 558; cites Oprea’s 2008 book, pp. 115–116","Transcribes a report alleging Romanian 20-lei coins pledged in Danish banks, attributed to an unnamed Copenhagen newspaper.","A multi-step quotation chain. The Danish newspaper, banks, coin lots and original Romanian scan remain unidentified or unread.",1920 press allegation
S23,Glasul Bucovinei digitized collection,"LIBRARIA, Ukrainian periodicals archive",Issues listed: 1918–1941,Romanian / Ukrainian catalogue,Newspaper catalogue,Collection record read; target issue not inspected,https://libraria.ua/en/all-titles/group/934/,"Target: no. 465, 10 July 1920; alternative collection at adt.arcanum.com",A concrete route to obtaining the original newspaper behind the Danish-bank allegation.,Listing coverage does not establish that this exact issue is accessible without an account or subscription.,Periodical catalogue
S24,Tezaurul României la Moscova după 1989: Odiseea continuă,Historia,2020-10-19,Romanian,Journalistic investigation,Relevant full web article read,https://historia.ro/sectiune/general/tezaurul-romaniei-la-moscova-dupa-1989-odiseea-567198.html,Private schemes and the 12-coin donation narrative,"Reports twelve French and Belgian coins, total 77.09 g, connected to a private arrangement and a 2008 museum donation.",Museum accession documentation and original custody proof were not obtained. Genuine nineteenth-century coins do not establish origin in the Moscow deposit.,2008 donation reporting
S25,The Romanian National Bank Treasure Taken to Moscow and Never Returned,Cristian Păunescu; foreword Mugur Isărescu; Oscar Print,2020,English,Book,16-page opening preview read,https://oscarprint.ro/wp-content/uploads/2020/10/Tezaur-bnr-paginat.pdf,ISBN 978-973-668-529-3; calendar note p. 3; opening account pp. 13–16,Useful calendar warning and account of the diplomatic pressure preceding evacuation.,Not the complete book. Older quantity and value conventions should not override the current fine-gold claim without reconciliation.,Romanian official claim
S26,Tezaurul român de la Moscova (1934) — located edition,Mihail Gr. Romașcanu; modern Ziaristi Online presentation,1934; web presentation 2019-03-10,Romanian,Book discovery,Book located; full text not obtained,https://www.ziaristionline.ro/2019/03/10/victor-roncea-dosarul-moscova-2-nu-aduce-nimic-nou-totul-despre-tezaurul-roman-de-la-moscova-prima-si-cea-mai-importanta-investigatie-din-1934-a-lui-mihail-romascanu-pdf/,1934 documentary compilation; embedded third-party copy,Important early compilation to compare with later inventories and retellings.,The surrounding website is not the book. No claim here is based on pretending the embedded book was read.,Bibliographic lead
S27,The Gold Treasure of National Bank of Romania from Moscow between history and politics,Nadia Manea,2025,English abstract / Romanian scholarship,Scholarly article,Abstract and DOI record read,https://doi.org/10.59277/aicsus.32.09,DOI 10.59277/aicsus.32.09,Recent synthesis distinguishes the 91.5-tonne reserve from identity/cultural treasure and discusses the 2024 resolution.,Full article not obtained; abstract only. Substantially draws on the same official and Schipor evidence families.,Romanian official claim
S28,A new strategy for recovery of the Romanian treasure,Radio România Actualități,2026-04-30,English,Current news,Full relevant web article read,https://www.romania-actualitati.ro/news-in-english/a-new-strategy-for-the-recovery-of-the-romanian-treasure-sent-to-moscow-in-1916-and-1917-id227709.html,Reporting on a proposed memorandum and strategy,Shows the recovery issue remained active in 2026.,"A proposed strategy is not a signed return agreement, shipment or recovered gold.",Current Romanian policy
S29,Russian response to the European Parliament’s gold demand,"RBC, reporting Maria Zakharova’s statements",2024-03-15,Russian,News / official counterclaim,Relevant web text read,https://www.rbc.ru/politics/15/03/2024/65f363339a79475d9b264d14,"Response on debt offsets, returns and Soviet-era claims",Documents Russia’s public counter-position and its use of broader historical financial claims.,Political assertions are not itemized custody records. No audited ledger is supplied to establish that the BNR reserve was repaid.,Russian official counterclaim
S30,Claim that Russia offered the treasure back and Romania refused,Veridica,2026-04,English,Fact-check,Relevant web text read,https://www.veridica.ro/en/fake-news-disinformation-propaganda/fake-news-the-russians-wanted-to-return-romanias-treasure-but-romania-refused,Amsterdam/private-return narrative,Examines a circulating story of a refused private return arrangement.,A fact-check is not an archive inspection. No authenticated current holding or inventory was found through this story.,Current rumor analysis
S31,"Rușii au găsit, în propriile arhive, documente despre Tezaurul României (I)",Ilie Schipor; Cetatea Cavalerilor article reprinted by ActiveNews,2024-03-15,Romanian,Research article / reconstructed table,Written article and inventory-table image inspected,https://www.activenews.ro/cultura-istorie/Colonel-Dr.-Ilie-Schipor-RUSII-AU-GASIT-IN-PROPRIILE-ARHIVE-DOCUMENTE-DESPRE-TEZAURUL-ROMANIEI-I-Ce-valoare-avea-si-ce-continea-TABEL-188165,Table headed “Numărul de: lăzi / saci”; discussion of Mosyakin’s 2021 volumes,"Reconstructs the first shipment by denomination: German marks 45.56%, Austrian crowns 29.31%, Romanian caroli 0.34% of stated BNR value.","An author’s modern table, not the original ledger. Values and case rows reconcile; its Austrian row says 4,397 bags, versus 4,387 in the BNR annex photograph and transcription (S41–S42). The latter reconciles the printed 13,823 total. Host commentary is not endorsed.",Schipor archival reconstruction
S32,Золото Российской империи и большевики. 1917–1922 гг.,Aleksandr G. Mosyakin; Mezhdunarodnye otnosheniya,2021,Russian,Book / facsimile collection,Publisher record and search excerpts; full volumes not read,https://imobook.ru/book/istoriya-istoricheskie-nauki/Zoloto-Rossijskoj-imperii-i-bolsheviki,Three volumes; ISBN 978-5-7133-1649-5; publisher advertises 742 documents,Potential independent access path to RGAE facsimiles cited in Schipor’s later comparison.,Publisher’s broad political framing is not a finding. Preview download timed out; exact Romanian entries and shelfmarks require the volumes.,Mosyakin collection lead
S33,British test case concerning Soviet gold,US Ambassador George Harvey,1921-07-14,English,Contemporary financial record,Published XML document read,https://history.state.gov/historicaldocuments/frus1921v02/d731,"FRUS 1921, vol. II, doc. 731; file 861.51/1205","Context for the 7,500-rouble shipment later recorded on the Carmania.","A Russian bondholder and Russian gold case, not an established Romanian claim.",US diplomatic records
S34,Tezaurul României de la Moscova prin noi documente ruse și sovietice,"George Popescu / Radio România Actualități, with Ilie Schipor",2021-06-14,Romanian,Radio / written research summary,Written article read; broadcast not transcribed,https://www.romania-actualitati.ro/emisiuni/istorica/tezaurul-romaniei-de-la-moscova-prin-noi-documente-ruse-si-sovietice-id152899.html,Istorica programme article,Contemporary account of the new Russian-archive research and why it changed the disappearance narrative.,"The same Schipor work, not a separate archive audit.",Schipor archival reconstruction
S35,Romanian Treasure,Wikipedia contributors,Accessed 2026-09-05,English,Reference overview,Web text read,https://en.wikipedia.org/wiki/Romanian_Treasure,Starting article and bibliography,"A useful starting index of names, returns and popular explanations.",The approximately 120-tonne wording is not the current fine-gold claim. This investigation does not rely on Wikipedia as decisive evidence.,Reference overview
S36,Alexandru Lapedatu — publications and archive references,Lapedatu family foundation,Undated page,Romanian,Bibliographic guide,Relevant web page read,https://www.lapedatu.com/?page_id=28,Bibliography and memoir links,Provides a discovery route to the published diary and further Lapedatu material.,"A guide, not an additional independent eyewitness.",Lapedatu bibliography
S37,The Odyssey of the Romanian treasure taken to Moscow,Ion Jinga / Romanian Permanent Representation to the Council of Europe,2024 context,English,Official essay,Extended search excerpts read,https://coe.mae.ro/en/local-news/1655,Historical narrative and older 93.452-tonne figure,Useful record of official advocacy and a competing published quantity convention.,Not fully fetched. Do not silently reconcile its older quantity or wagon count with newer official figures.,Romanian official claim
S38,The expulsion of the Romanian Legation,US Ambassador David R. Francis,1918-01-29,English,Contemporary diplomatic record,Full published document read,https://history.state.gov/historicaldocuments/frus1918Russiav02/d832,"FRUS 1918, Russia vol. II, doc. 832",Independent contemporary record of the diplomatic rupture surrounding seizure.,Does not inventory the treasure.,US diplomatic records
S39,Romania: from 1880 to 1947,"George Virgil Stoenescu, Adriana Aloman, Elisabeta Blejan and Brîndușa Grațiela Costache; hosted by BNR",Historical monetary study; online chapter,English,Scholarly monetary-history chapter,Full PDF obtained; monetary-standard section read,https://www.bnr.ro/uploads/editor/425471817.pdf,"Chapter VI; section 1.2, printed pp. 244–247; monetary-standard table","Documents 0.3226 g of mint gold at 900‰ per leu, and 3,100 lei per kg of 900‰ gold. Also describes removal of the Moscow deposit from note-cover stock in 1929.","A monetary-history synthesis, not an assay of the treasure. Removing an asset from currency-cover calculations does not prove physical repayment or legal discharge.",Romanian monetary-history scholarship
S40,Сводка о наличии ценностей на 1 февраля 1922 г.,Commission for accounting and concentration of valuables; published in a 2018 document edition,Not earlier than 1922-02-01; edition 2018,Russian,Published contemporary accounting record,Catalogue and published-document web transcription read,https://docs.historyrussia.org/ru/nodes/73089,"Document 236, printed p. 391; RGASPI f. 19, op. 1, d. 492, l. 108; certified-copy description","A concrete Soviet accounting comparison distinguishes usable coin, defective coin, bullion/scrap and valuable objects, producing different totals as categories are added. It is a useful control on what a gold balance means.",The inspected account does not identify a Romanian component. Its 217.2 / 218.4 / 244.9-million-rouble totals must not be substituted for a Romanian inventory or used to resolve Pokivaylova’s two Romanian-specific balances. Archive original not inspected.,Published Soviet accounting record
S41,First-shipment inventory annex and selected protocol facsimiles,"National Bank of Romania, publishing Russian/French deposit records",1917-02-16 (document date),Russian / French,Primary-document facsimile,Four selected photographs visually inspected,https://www.bnr.ro/uploads/editor/984499206.jpg,"Annex image 984499206.jpg; protocol first page 1266638180.jpg, last page 210295509.jpg; operations annex 220870989.jpg, linked from S42","The summary annex visibly gives 4,387 Austrian-crown bags and a total of 13,823 bags. Selected protocol pages identify parties, seals, guards and a four-copy document arrangement.","Selected institutional photographs, not a complete protocol or an archive visit. The Romanian-coin lei-value cell appears to read 1,065,000, while its currency amount and the official transcription give 1,065,705; the latter reconciles the grand total. Do not describe every original cell as independently reconciled. No 1921 or 1924 original is supplied here.",Romanian official archive
S42,Inventarul tezaurului / Treasure inventory,National Bank of Romania,Undated current page; inspected 2026-09-05,Romanian / English,Official inventory transcription,Both rendered language versions read; linked scans inspected,https://www.bnr.ro/24779-inventarul-tezaurului,English counterpart: https://www.bnr.ro/en/24934-treasure-inventory; denomination table and final paragraph,"Official table uses 4,387 Austrian-crown bags. Romanian text places the additional four gold cases in summer 1917. The reserve is described as 91.5 tonnes of fine gold.","English final paragraph says December 1917 for the additional four cases, unlike Romanian summer 1917 and the history chronology. This is a language-version inconsistency, not evidence for a third shipment. The table is a transcription and has to be distinguished from the facsimile.",Romanian official claim
S43,Treasure history,National Bank of Romania,Undated current page; inspected 2026-09-05,English,Official chronology,Rendered substantive page read,https://www.bnr.ro/en/24933-treasure-history,Shipment and restitution chronology,"Direct institutional source for the two shipment values, August 1917 additional deposit, and return accounts.","Its stated total 315,179,980.41 gold lei is 25,000 above its stated components. This discrepancy is therefore present on BNR itself, not merely in a newspaper reprint. Institutional summaries are not infallible; originals should control.",Romanian official claim
