id,date,year,title,track,status,body,limits,sources
T01,Autumn 1916,1916,A state retreats; a reserve becomes vulnerable,context,Documented context,"Romania’s military reverses drove the government and central bank to Iași. Evacuation was a response to a real threat, not a treasure expedition. Russian pressure and guarantees enter the documentary story before shipment.",A later Soviet seizure does not by itself establish a single premeditated plan stretching back through the imperial government.,S03; S06; S25
T02,14 / 27 December 1916 (OS / NS),1916,The first deposit agreement,gold,Officially documented,"The first shipment comprised 1,738 BNR cases and two cases of Queen Marie’s jewels. The bank’s stated value was 314,580,456.84 gold lei; the jewels were separately valued at 7 million.","We read published descriptions, the official table and selected original-document photographs, not the complete protocol and every annex. Do not turn the jewellery valuation into literal bullion weight.",S03; S25; S31
T03,Late December 1916 OS / early January 1917 NS,1917,The consignment reaches Moscow,gold,Officially documented,"The first deposit was placed in the Russian State Bank’s Kremlin treasury facilities, commonly identified with the Armoury Palace. Verification continued into February.",Published arrival dates differ by a day or more as well as by calendar. The site preserves a window rather than manufacturing a precise unified date.,S03; S04; S25
T04,16 February 1917 (source date),1917,An inventory becomes the reference fingerprint,gold,Officially documented,"The inventory and protocol recorded the first shipment’s contents. Later comparisons need its denominations, case numbers, weights and signatures—not merely “Romanian gold” as a label.","Calendar normalization varies across retellings. BNR’s annex photograph resolves the modern table’s ten-bag discrepancy: 4,387 Austrian-crown bags, not 4,397.",S04; S07; S31; S41; S42
T05,21–27 July 1917 OS / 3–9 August NS,1917,Packing the country’s cultural memory,cultural,Eyewitness diary,"Lapedatu describes instructions, packing, George Enescu manuscripts, paintings, inspections, repeated delays and guards. On 27 July he records unloading, inspection, reloading and sealing.","His charge was a subset of the cultural shipment, not all bank bullion or every institution’s property. Printed diary pp. 117–119.",S11
T06,27 July / 9 August 1917,1917,"A second agreement, not another 90 tonnes",gold,Officially documented,"The BNR component comprised 188 cases of mixed assets. Additional gold was valued at 574,523.57 gold lei—about 167 kg at the historical parity, commonly rounded to 170 kg. Much larger aggregate values included paper assets and institutional property.",The frequently quoted billions of lei for the second train are not billions of lei of physical gold.,S03; S04; S25
T07,28 July / 10 August 1917,1917,Lapedatu’s train actually departs,cultural,Eyewitness diary,"The diary records departure from Iași at 2 p.m., crossing the Prut later that day. The next entries place the party at Chișinău and Bender, then farther north and east.",Signing on 27 July and departure on 28 July are distinct events. Published summaries sometimes collapse them. Printed pp. 118–119.,S11
T08,29 July–3 August OS / 11–16 August 1917 NS,1917,Follow the observed railway stops,cultural,Eyewitness diary,"Entries name Chișinău, Bender, Cherkasy, Pryluky, Bryansk and Moscow. Moscow arrival is recorded on 3 August around 10 p.m., followed by a guarded overnight stop.","A projected route mentioned earlier in the diary is not identical to the observed route. Map lines connect observations, not verified railway track geometry. Printed pp. 119–120.",S11
T09,5 / 18 August 1917,1917,"Two kinds of treasure, different rooms",gold,Officially documented,The additional BNR gold was recorded as deposited with the earlier reserve at the Kremlin. Cultural consignments had their own storage arrangements and later moves.,Do not apply every cultural-storage episode to the bank’s reserve.,S03; S11
T10,5–26 August OS / 18 August–8 September 1917 NS,1917,"A damp room, then a documented relocation",cultural,Eyewitness diary,"Lapedatu found ministry crates in a cramped, damp room beneath guard stairs and sought relocation. Later entries describe trucks, rain, the move to the Ssudnaia Kazna and checks on paintings. He counted 142 cases below, 38 on the ground floor and three above within his charge.","Those 183 cases are not the national shipment total. The diary reports an inspected painting crate dry; damp premises are not proof that all contents were destroyed. Printed pp. 121, 129–130.",S11
T11,October–December 1917 (diary dates),1917,Plans to send treasure to America,cultural,Eyewitness diary,"The diary records anxiety about protection, a consular report after fighting, and proposals to move Academy cases via an American train. By late November the cases were to remain in Moscow.","Proposed evacuation is not completed shipment. No recovered American receipt was found. Printed pp. 142, 151, 155–158.",S11
T12,December 1917,1917,Boyle brings back records and currency,cultural,Retrospective reconstruction,Joseph Boyle’s mission brought archives and paper currency out of revolutionary Russia. A major scholarly biography explicitly rejects the bullion-and-crown-jewels embellishment; another article repeats a jewel story through Hill’s memoir.,No inspected gold manifest proves that Boyle recovered the BNR reserve. Jewel claims require separate object-level reconciliation.,S18; S19; S20
T13,13 / 26 January 1918,1918,Seizure becomes policy,gold,Officially documented,"The Soviet authorities broke relations and declared the Romanian gold inaccessible to the Romanian oligarchy, while promising to preserve it for the Romanian people. US diplomatic reports in the following days independently document the rupture and gold dispute.","This is evidence of deliberate retention, not of an unrecorded disappearance at the moment of revolution.",S01; S03; S12; S13; S38
T14,January 1918; reconstructed in 1921 records,1918,Paper currency removed,cultural,Published archival reconstruction,"Moisuc, citing Schipor documents 60 and 63, describes sixteen cases of Romanian banknotes taken by Commissioner Fritsche.",Banknotes are not gold. Using this episode to prove bullion financed revolutionary operations would change the asset category. Moisuc p. 72.,S09
T15,"February 1919, according to a 1924 report",1919,A separate lead for the royal diamonds,cultural,Published archival reconstruction,The translated retrospective report says Ganetsky took royal-family brilliants and some banknotes from the Kremlin deposit.,"This account conflicts with simple versions of the Boyle-jewels rescue. Original report, jewellery lists and receiving records are still required.",S09; S18; S19
T16,Autumn 1919,1919,Gold is reportedly divided by currency,gold,Published archival reconstruction,"The 1924 report describes British pounds, Turkish lira and German marks sent toward “Samara–Tashkent”; Austrian crowns in 548 cases and German marks in 77 cases sent to Perm; French francs, Romanian money and other currencies left in Moscow.","This is a later report reproduced through translation. “Samara–Tashkent” is an ambiguous destination or route label, not proof of a specific surviving Tashkent vault.",S05; S09
T17,10 July 1920,1920,A Copenhagen rumor enters the Romanian press,gold,Unverified contemporary allegation,"A modern transcription of Glasul Bucovinei no. 465 reports gold—allegedly mainly Romanian 20-lei coins—pledged in Danish banks, citing an unnamed Copenhagen paper.","Original issue, Danish source and bank ledgers not inspected. Coin type alone cannot establish the Moscow deposit as origin.",S22; S23
T18,5 September–1 October 1920,1920,The accounting trail deserves attention,gold,Published archival reconstruction,"Pokivaylova discusses Lenin’s request to Alsky to count the gold fund, and a report due by 1 October. Schipor’s later article describes a 1 October memorandum recording Romanian gold.",The full original accounts have not been read here. Pokivaylova’s 2021 statement that an Alsky report was classified is not a verified present-day access ruling.,S10; S31
T19,25 March and 9 April 1921,1921,A documented international gold pathway,context,Contemporary primary record,US Treasury and State correspondence explains how gold with Swedish mint stamps was treated differently from visibly Soviet-origin gold. This gives a concrete records trail to examine.,"Generic Soviet-gold handling, not an identified Romanian shipment. The mint book and matched export/assay entries are missing.",S14; S15
T20,23 May 1921,1921,The crucial proposed inventory match,gold,Researcher’s claim to audit,"Schipor says an RGAE report matches the 1917 deposit by denomination and proves the reserve intact at this date. If sustained by the original annexes, this sharply weakens earlier total-loss stories.","We have read his account, not independently performed the complete comparison. Bookkeeping continuity must also be distinguished from a physical recount.",S07; S31
T21,July 1921,1921,Reported return of evacuated gold to Moscow,gold,Published archival reconstruction,Schipor’s publisher summary places the return of evacuated Romanian gold to Kremlin stores in July 1921. The later report describes overseas disposal after return.,Obtain movement vouchers and receiving receipts to check which portions returned and when.,S05; S09
T22,10–11 August 1921,1921,A real ship—and a crucial non-identification,context,Contemporary primary record,"The New York Assay Office rejected 7,500 imperial gold roubles tendered by J. P. Morgan & Co., consigned from the Bank of England on the Carmania.","The record says Russian gold, not Romanian-deposit gold. Its proximity to the next memorandum is not proof they concern the same consignment.",S16; S33
T23,15 August 1921,1921,Romania formally alleges US-bound disposal,gold,Contemporary allegation in a primary record,The Romanian Legation told the State Department that some gold arriving in the United States came from the 1916 Moscow deposit and was being used for Soviet payments abroad.,"The memorandum supplies no shipment identifiers. It also precedes the autumn-1921 start in Schipor’s summary: an unresolved timing tension, not a reason to rewrite either source.",S17; S05
T24,1 January 1922; reports in February,1922,Gold still appears in the accounts,gold,Published archival reconstruction,"Pokivaylova cites Romanian gold in Soviet holdings at the start of 1922, but gives different balances from Osokina and Sirotkin. She points to Sokolnikov’s February reports to Lenin.","The two values—105,102,337.88 and 87,074,501.05 gold roubles—must not be averaged into a fictional inventory. Scope, date and asset definitions need checking.",S10
T25,1921–1923,1923,Cultural deposits are opened and inventoried,cultural,Published archival reconstruction,"Published Russian and Romanian research describes commissions, movements of cases and museum/archive inventories. These create a separate, potentially item-identifiable trail.",Commission totals and packing cases are not interchangeable with the original 1917 cases. Underlying lists remain a priority.,S09; S10
T26,13 December 1924,1924,The best route clue points into finance,gold,Published archival reconstruction,"The translated report says French francs, British pounds and German marks were sent almost entirely abroad in installments under Narkomfin; Austrian crowns went to the State Bank’s Issue Section.",No foreign recipient list is supplied in the passage. The Russian original and annexes are necessary before assigning particular banks or countries.,S09
T27,1924–early 1925,1925,"Loss of separate identity, not necessarily disappearance of metal",gold,Convergent published interpretations,Pokivaylova describes the gold as обезличено by 1924; Schipor places final depletion by early 1925. Together they favor absorption or dispersal over an intact hidden reserve.,The authors differ in explanations and numerical claims. “Depersonalized” can concern accounting identity; complete physical melting is not established by that word.,S05; S08; S10
T35,1929 monetary stabilization,1929,An accounting change is not a recovery,context,Published monetary history,A BNR-hosted monetary history says the Moscow deposit was removed from the bank’s note-cover stock in the 1929 monetary reform.,"This concerns the assets qualifying as currency cover. It is not a receipt showing the gold came back, nor by itself a legal discharge of the deposit claim.",S39
T28,31 May–27 June 1935,1935,First major return: inspect what came back,cultural,Officially documented,"The handover protocol listed 1,443 cases/bales and 27 folders/packages. Cargo traveled Moscow → Odesa → S.S. Principesa Maria → Constanța → Bucharest. BNR received 212 cases of notes, printing supplies, securities and records.","These were not 1,443 gold cases. No BNR reserve was returned. Original deposit seals and a one-to-one crate identity cannot be assumed.",S03; S04; S10
T29,6–22 August 1956,1956,Art and historical objects return,cultural,Officially documented,"A protocol was signed on 6 August; two trains reached Bucharest on 14 and 15 August. The often-cited total is 39,320 objects, including Pietroasele, paintings, coins and medals. An exhibition opened on 22 August.","33,068 coins does not mean 33,068 gold coins. Reported gold within returned objects exceeded 33 kg, not 91.5 tonnes of reserve. Published category totals differ by two objects.",S03; S04; S10
T30,September 1965,1965,A communist Romania asks again,context,Published historical record,Romania raised the bank reserve with Soviet leaders. Published accounts describe Soviet resistance and attempts to join the question to broader financial offsets.,Diplomatic positions neither establish a present location nor independently settle the legal validity of offsets.,S09; S10
T32,"6 March 2008, reported retrospectively",2008,Twelve coins offer a bounded provenance test,gold,Unverified provenance claim,"Reports describe twelve French/Belgian coins totaling 77.09 g donated to MNIR, linked to a private return scheme.","The accession and donation files have not been obtained. The coins’ age, authenticity and Moscow-deposit provenance are different questions.",S24
T31,2003–2019,2019,"A commission, not a recovered consignment",context,Officially documented,"The 2003 treaty framework led to a joint historical commission, first meeting in 2004. The 2024 resolution records five meetings, the last in 2019, and a 2016 acknowledgement of authentic deposit documents.",Recognition of documents and unsuccessful talks should not be reported as a return agreement.,S01; S03
T33,14 March 2024,2024,Europe asks for restitution,context,Official primary record,The European Parliament adopted its resolution calling for return of the Romanian treasure and identifying 91.5 tonnes of fine gold.,Nonbinding political resolution; not a locating operation or enforceable judgment in itself.,S01
T34,24 October 2025–30 April 2026,2026,New documentation and proposed strategy,context,Current institutional reporting,BNR launched a document portal in October 2025. Radio România reported a proposed recovery strategy in April 2026.,"No authenticated recovery or current physical holding was identified in the sources inspected for this case file. This is a research finding, not proof that no undisclosed material exists.",S02; S03; S28
